﻿<?xml version="1.0" encoding="utf-8" ?>
<Employees>
  <Emp id="E1023">
    <Name>
      <Fname>Rahul</Fname>
      <Lname>Dravid</Lname>
    </Name>
    <Desig>TeamLeader</Desig>
    <Contact>
      <Email>rahul@gmail.com</Email>
      <Mobile>40348903490324</Mobile>
      <Fax>342034</Fax>
    </Contact>
    <Address>
      H.No 12-234/12,Marathali
      <City>Banglore</City>
      <Pin>34290234</Pin>
      <State>Karnataka</State>
    </Address>
  </Emp>
  <Emp id="E1024">
    <Name>
      <Fname>Sachin</Fname>
      <Lname>Tendulkar</Lname>
    </Name>
    <Desig>TeamLeader</Desig>
    <Contact>
      <Email>sachin@gmail.com</Email>
      <Mobile>40348903490324</Mobile>
      <Fax>342034</Fax>
    </Contact>
    <Address>
      H.No 12-234/12,Mumbai
      <City>Mumbai</City>
      <Pin>3423434</Pin>
      <State>Maharashtra</State>
    </Address>
  </Emp>
</Employees>
